	, program, declaration-list, declaration, var-declaration, type-specifier, fun-declaration, params, param-list, param, compound-stmt, local-declarations, statement-list, statement, expression-stmt, selection-stmt, iteration-stmt, while-statement, for-statement, jump-stmt, expression, id-assign, simple-expression, relop, additive-expression, addop, term, mulop, factor, call, args, arg-list, num, pos-num, neg-num, value, $, ID, ;, int, void, float, (, ), Î», ' , {, }, if, else, while, for, return, break, =, <=, <, >, >=, ==, !=, &&, ||, â†’, +, -, *, /, INT_NUM, FLOAT_NUM, f,
state0,,S01,S120,S04,S05,S119,,,,,,,,,,,,,,,,,,,,,,,,,,,,,,,,,S107,S108,S109,,,,,,,,,,,,,,,,,,,,,,,,,,,,,,
state1,,,S03,S04,S05,S119,,,,,,,,,,,,,,,,,,,,,,,,,,,,,,R02,,,S107,S108,S109,,,,,,,,,,,,,,,,,,,,,,,,,,,,,,
state2,,,,,,,,,,,,,,,,,,,,,,,,,,,,,,,,,,,,,,,,,,,,,,,,,,,,,,,,,,,,,,,,,,,,,,,
state3,,,,,,,,,,,,,,,,,,,,,,,,,,,,,,,,,,,,R02,,,R02,R02,R02,,,,,,,,,,,,,,,,,,,,,,,,,,,,,,
state4,,,,,,,,,,,,,,,,,,,,,,,,,,,,,,,,,,,,R04,,,R04,R04,R04,,,,,,,,,,,,,,,,,,,,,,,,,,,,,,
state5,,,,,,,,,,,,,,,,,,,,,,,,,,,,,,,,,,,,,S06,,,,,,,,,,,,,,,,,,,,,,,,,,,,,,,,,,
state6,,,,,,,,,,,,,,,,,,,,,,,,,,,,,,,,,,,,,,S07,,,,S08,,,,,,,,,,,,,,,,,,,,,,,,,,,,,
state7,,,,,,,,,,,,,,,,,,,,,,,,,,,,,,,,,,,,R06,,,R06,R06,R06,,,R06,,,,,,,,,,,,,,,,,,,,,,,,,,,
state8,,,,,S114,,S09,S111,S116,,,,,,,,,,,,,,,,,,,,,,,,,,,,,,S107,S112,S109,,,S118,,,,,,,,,,,,,,,,,,,,,,,,,,,
state9,,,,,,,,,,,,,,,,,,,,,,,,,,,,,,,,,,,,,,,,,,,S10,,,,,,,,,,,,,,,,,,,,,,,,,,,,
state10,,,,,,,,,,S11,,,,,,,,,,,,,,,,,,,,,,,,,,,,,,,,,,,,S12,,,,,,,,,,,,,,,,,,,,,,,,,
state11,,,,,,,,,,,,,,,,,,,,,,,,,,,,,,,,,,,,R10,,,R10,R10,R10,,,,,,,,,,,,,,,,,,,,,,,,,,,,,,
state12,,,,,,,,,,,S13,,,,,,,,,,,,,,,,,,,,,,,,,,,,,,,,,S110,,,,,,,,,,,,,,,,,,,,,,,,,,,
state13,,,,S105,S05,,,,,,,S14,,,,,,,,,,,,,,,,,,,,,,,,,,,S107,S108,S109,,,S106,,,,,,,,,,,,,,,,,,,,,,,,,,,
state14,,,,,,,,,,S72,,,S16,S17,S73,S81,S82,S88,S98,S18,S20,S30,,S31,,S43,,S46,S47,,,S48,S49,S55,S54,,S23,S71,,,,S40,,,,S12,S15,S74,,S83,S89,S99,S103,,,,,,,,,,S34,S50,S56,,,S52,S53,,
state15,,,,,,,,,,,,,,,,,,,,,,,,,,,,,,,,,,,,R17,R17,R17,R17,R17,R17,R17,,,,R17,R17,R17,R17,R17,R17,R17,R17,,,,,,,,,,R17,R17,R17,,,R17,R17,,
state16,,,,,,,,,,,,,,,,,,,,,,,,,,,,,,,,,,,,,R20,R20,,,,R20,,,,R20,R20,R20,,R20,R20,R20,R20,,,,,,,,,,R20,R20,R20,,,R20,R20,,
state17,,,,,,,,,,,,,,,,,,,,,,,,,,,,,,,,,,,,,R22,R22,,,,R22,,,,R22,R22,R22,R22,R22,R22,R22,R22,,,,,,,,,,R22,R22,R22,,,R22,R22,,
state18,,,,,,,,,,,,,,,,,,,,,,,,,,,,,,,,,,,,,,S19,,,,,,,,,,,,,,,,,,,,,,,,,,,,,,,,,
state19,,,,,,,,,,,,,,,,,,,,,,,,,,,,,,,,,,,,,R27,R27,,,,R27,,,,R27,R27,R27,R27,R27,R27,R27,R27,,,,,,,,,,R27,R27,R27,,,R27,R27,,
state20,,,,,,,,,,,,,,,,,,,,,,,,,,,,,,,,,,,,,,R60,,,,,R60,,R60,,,,,,,,,S21,R60,R60,R60,R60,R60,R60,R60,R60,,,,R60,R60,,,,
state21,,,,,,,,,,,,,,,,,,,,S22,S20,S30,,S31,,S43,,S46,S47,,,S48,S49,S55,S54,,S23,,,,,S40,,,,,,,,,,,,,,,,,,,,,S34,S50,S56,,,S52,S53,,
state22,,,,,,,,,,,,,,,,,,,,,,,,,,,,,,,,,,,,,,R38,,,,,R38,,R38,,,,,,,,,,,,,,,,,,,,,,,,,,
state23,,,,,,,,,,,,,,,,,,,,,,,,,,,,,,,,,,,,,,R40,,,,S24,R40,,R40,,,,,,,,,R40,R40,R40,R40,R40,R40,R40,R40,R40,,R40,R40,R40,R40,,,,
state24,,,,,,,,,,,,,,,,,,,,S69,S20,S30,,S31,,S43,,S46,S47,S25,S27,S48,S49,S55,S54,,S23,,,,,S40,,S70,,,,,,,,,,,,,,,,,,,S34,S50,S56,,,S52,S53,,
state25,,,,,,,,,,,,,,,,,,,,,,,,,,,,,,,,,,,,,,,,,,,S26,,,,,,,,,,,,,,,,,,,,,,,,,,,,
state26,,,,,,,,,,,,,,,,,,,,,,,,,,,,,,,,,,,,,,R63,,,,,R63,,R63,,,,,,,,,,R63,R63,R63,R63,R63,R63,R63,R63,,R63,R63,R63,R63,,,,
state27,,,,,,,,,,,,,,,,,,,,,,,,,,,,,,,,,,,,,,,,,,,R64,,S28,,,,,,,,,,,,,,,,,,,,,,,,,,
state28,,,,,,,,,,,,,,,,,,,,S29,S20,S30,,S31,,S43,,S46,S47,,,S48,S49,S55,S54,,S23,,,,,S40,,,,,,,,,,,,,,,,,,,,,S34,S50,S56,,,S52,S53,,
state29,,,,,,,,,,,,,,,,,,,,,,,,,,,,,,,,,,,,,,,,,,,R66,,R66,,,,,,,,,,,,,,,,,,,,,,,,,,
state30,,,,,,,,,,,,,,,,,,,,,,,,,,,,,,,,,,,,,,R39,,,,,R39,,R39,,,,,,,,,,,,,,,,,,,,,,,,,,
state31,,,,,,,,,,,,,,,,,,,,,,,S32,,,,,,,,,,,,,,,R42,,,,,R42,,R42,,,,,,,,,,S61,S62,S63,S64,S65,S66,S67,S68,,,,,,,,,
state32,,,,,,,,,,,,,,,,,,,,,S58,,,S33,,S43,,S46,S47,,,S48,S49,S55,S54,,S23,,,,,S40,,,,,,,,,,,,,,,,,,,,,S34,S50,S56,,,S52,S53,,
state33,,,,,,,,,,,,,,,,,,,,,,,,,,,,,,,,,,,,,,R41,,,,,R41,,R41,,,,,,,,,,,,,,,,,,,,,,,,,,
state34,,,,,,,,,,,,,,,,,,,,,S58,,,S35,,S43,,S46,S47,,,S48,S49,S55,S54,,S23,,,,,S40,,,,,,,,,,,,,,,,,,,,,S34,S50,S56,,,S52,S53,,
state35,,,,,,,,,,,,,,,,,,,,,,,,,S36,,,,,,,,,,,,,,,,,,,,,,,,,,,,,,,,,,,,,,,S59,S60,,,,,,
state36,,,,,,,,,,,,,,,,,,,,,S58,,,,,S37,,S46,S47,,,S48,S49,S55,S54,,S23,,,,,S40,,,,,,,,,,,,,,,,,,,,,,S50,S56,,,S52,S53,,
state37,,,,,,,,,,,,,,,,,,,,,,,,,,,S38,,,,,,,,,,,R51,,,,,R51,,R51,,,,,,,,,,R51,R51,R51,R51,R51,R51,R51,R51,,R51,R51,S44,S45,,,,
state38,,,,,,,,,,,,,,,,,,,,,S58,,,,,,,S39,S47,,,S48,S49,S55,S54,,S23,,,,,S40,,,,,,,,,,,,,,,,,,,,,,S50,S56,,,S52,S53,,
state39,,,,,,,,,,,,,,,,,,,,,,,,,,,,,,,,,,,,,,R55,,,,,R55,,R55,,,,,,,,,,R55,R55,R55,R55,R55,R55,R55,R55,,R55,R55,R55,R55,,,,
state40,,,,,,,,,,,,,,,,,,,,S41,S20,S30,,S31,,S43,,S46,S47,,,S48,S49,S55,S54,,S23,,,,,S40,,,,,,,,,,,,,,,,,,,,,S34,S50,S56,,,S52,S53,,
state41,,,,,,,,,,,,,,,,,,,,,,,,,,,,,,,,,,,,,,,,,,,S42,,,,,,,,,,,,,,,,,,,,,,,,,,,,
state42,,,,,,,,,,,,,,,,,,,,,,,,,,,,,,,,,,,,,,R59,,,,,R59,,R59,,,,,,,,,,R59,R59,R59,R59,R59,R59,R59,R59,,R59,R59,R59,R59,,,,
state43,,,,,,,,,,,,,,,,,,,,,,,,,,,S38,,,,,,,,,,,R52,,,,,R52,,R52,,,,,,,,,,R52,R52,R52,R52,R52,R52,R52,R52,,R52,R52,S44,S45,,,,
state44,,,,,,,,,,,,,,,,,,,,,,,,,,,,,,,,,,,,,R57,,,,,R57,,,,,,,,,,,,,,,,,,,,,,R57,R57,,,R57,R57,,
state45,,,,,,,,,,,,,,,,,,,,,,,,,,,,,,,,,,,,,R58,,,,,R58,,,,,,,,,,,,,,,,,,,,,,R58,R58,,,R58,R58,,
state46,,,,,,,,,,,,,,,,,,,,,,,,,,,,,,,,,,,,,,R56,,,,,R56,,R56,,,,,,,,,,R56,R56,R56,R56,R56,R56,R56,R56,,R56,R56,R56,R56,,,,
state47,,,,,,,,,,,,,,,,,,,,,,,,,,,,,,,,,,,,,,R61,,,,,R61,,R61,,,,,,,,,,R61,R61,R61,R61,R61,R61,R61,R61,,R61,R61,R61,R61,,,,
state48,,,,,,,,,,,,,,,,,,,,,,,,,,,,,,,,,,,,,,R62,,,,,R62,,R62,,,,,,,,,,R62,R62,R62,R62,R62,R62,R62,R62,,R62,R62,R62,R62,,,,
state49,,,,,,,,,,,,,,,,,,,,,,,,,,,,,,,,,,,,,,R68,,,,,R68,,R68,,,,,,,,,,R68,R68,R68,R68,R68,R68,R68,R68,,R68,R68,R68,R68,,,,
state50,,,,,,,,,,,,,,,,,,,,,,,,,,,,,,,,,,,S51,,,,,,,,,,,,,,,,,,,,,,,,,,,,,,,,,S52,S53,,
state51,,,,,,,,,,,,,,,,,,,,,,,,,,,,,,,,,,,,,,R70,,,,,R70,,R70,,,,,,,,,,R70,R70,R70,R70,R70,R70,R70,R70,,R70,R70,R70,R70,,,,
state52,,,,,,,,,,,,,,,,,,,,,,,,,,,,,,,,,,,,,,R73,,,,,R73,,R73,,,,,,,,,,R73,R73,R73,R73,R73,R73,R73,R73,,R73,R73,R73,R73,,,,
state53,,,,,,,,,,,,,,,,,,,,,,,,,,,,,,,,,,,,,,R74,,,,,R74,,R74,,,,,,,,,,R74,R74,R74,R74,R74,R74,R74,R74,,R74,R74,R74,R74,,,,
state54,,,,,,,,,,,,,,,,,,,,,,,,,,,,,,,,,,,,,,R71,,,,,R71,,R71,,,,,,,,,,R71,R71,R71,R71,R71,R71,R71,R71,,R71,R71,R71,R71,,,,
state55,,,,,,,,,,,,,,,,,,,,,,,,,,,,,,,,,,,,,,R69,,,,,R69,,R69,,,,,,,,,,R69,R69,R69,R69,R69,R69,R69,R69,,R69,R69,R69,R69,,,,
state56,,,,,,,,,,,,,,,,,,,,,,,,,,,,,,,,,,,S57,,,,,,,,,,,,,,,,,,,,,,,,,,,,,,,,,S52,S53,,
state57,,,,,,,,,,,,,,,,,,,,,,,,,,,,,,,,,,,,,,R72,,,,,R72,,R72,,,,,,,,,,R72,R72,R72,R72,R72,R72,R72,R72,,R72,R72,R72,R72,,,,
state58,,,,,,,,,,,,,,,,,,,,,,,,,,,,,,,,,,,,,,R60,,,,,R60,,R60,,,,,,,,,,R60,R60,R60,R60,R60,R60,R60,R60,,R60,R60,R60,R60,,,,
state59,,,,,,,,,,,,,,,,,,,,,,,,,,,,,,,,,,,,,R53,,,,,R53,,,,,,,,,,,,,,,,,,,,,,R53,R53,,,R53,R53,,
state60,,,,,,,,,,,,,,,,,,,,,,,,,,,,,,,,,,,,,R54,,,,,R54,,,,,,,,,,,,,,,,,,,,,,R54,R54,,,R54,R54,,
state61,,,,,,,,,,,,,,,,,,,,,,,,,,,,,,,,,,,,,R43,,,,,R43,,,,,,,,,,,,,,,,,,,,,R43,R43,R43,,,R43,R43,,
state62,,,,,,,,,,,,,,,,,,,,,,,,,,,,,,,,,,,,,R44,,,,,R44,,,,,,,,,,,,,,,,,,,,,R44,R44,R44,,,R44,R44,,
state63,,,,,,,,,,,,,,,,,,,,,,,,,,,,,,,,,,,,,R45,,,,,R45,,,,,,,,,,,,,,,,,,,,,R45,R45,R45,,,R45,R45,,
state64,,,,,,,,,,,,,,,,,,,,,,,,,,,,,,,,,,,,,R46,,,,,R46,,,,,,,,,,,,,,,,,,,,,R46,R46,R46,,,R46,R46,,
state65,,,,,,,,,,,,,,,,,,,,,,,,,,,,,,,,,,,,,R47,,,,,R47,,,,,,,,,,,,,,,,,,,,,R47,R47,R47,,,R47,R47,,
state66,,,,,,,,,,,,,,,,,,,,,,,,,,,,,,,,,,,,,R48,,,,,R48,,,,,,,,,,,,,,,,,,,,,R48,R48,R48,,,R48,R48,,
state67,,,,,,,,,,,,,,,,,,,,,,,,,,,,,,,,,,,,,R49,,,,,R49,,,,,,,,,,,,,,,,,,,,,R49,R49,R49,,,R49,R49,,
state68,,,,,,,,,,,,,,,,,,,,,,,,,,,,,,,,,,,,,R50,,,,,R50,,,,,,,,,,,,,,,,,,,,,R50,R50,R50,,,R50,R50,,
state69,,,,,,,,,,,,,,,,,,,,,,,,,,,,,,,,,,,,,,,,,,,R67,,R67,,,,,,,,,,,,,,,,,,,,,,,,,,
state70,,,,,,,,,,,,,,,,,,,,,,,,,,,,,,,,,,,,,,,,,,,R65,,,,,,,,,,,,,,,,,,,,,,,,,,,,
state71,,,,,,,,,,,,,,,,,,,,,,,,,,,,,,,,,,,,,R28,R28,,,,R28,,,,R28,R28,R28,R28,R28,R28,R28,R28,,,,,,,,,,R28,R28,R28,,,R28,R28,,
state72,,,,,,,,,,,,,,,,,,,,,,,,,,,,,,,,,,,,,R23,R23,,,,R23,,,,R23,R23,R23,R23,R23,R23,R23,R23,,,,,,,,,,R23,R23,R23,,,R23,R23,,
state73,,,,,,,,,,,,,,,,,,,,,,,,,,,,,,,,,,,,,R24,R24,,,,R24,,,,R24,R24,R24,R24,R24,R24,R24,R24,,,,,,,,,,R24,R24,R24,,,R24,R24,,
state74,,,,,,,,,,,,,,,,,,,,,,,,,,,,,,,,,,,,,,,,,,S75,,,,,,,,,,,,,,,,,,,,,,,,,,,,,
state75,,,,,,,,,,,,,,,,,,,,S76,S20,S30,,S31,,S43,,S46,S47,,,S48,S49,S55,S54,,S23,,,,,S40,,,,,,,,,,,,,,,,,,,,,S34,S50,S56,,,S52,S53,,
state76,,,,,,,,,,,,,,,,,,,,,,,,,,,,,,,,,,,,,,,,,,,S77,,,,,,,,,,,,,,,,,,,,,,,,,,,,
state77,,,,,,,,,,S72,,,S78,S17,S73,S81,S82,S88,S98,S18,S20,S30,,S31,,S43,,S46,S47,,,S48,S49,S55,S54,,S23,S71,,,,S40,,,,S12,,S74,,S83,S89,S99,S103,,,,,,,,,,S34,S50,S56,,,S52,S53,,
state78,,,,,,,,,,,,,,,,,,,,,,,,,,,,,,,,,,,,,R29,R29,,,,R29,,,,R29,R29,R29,S79,R29,R29,R29,R29,,,,,,,,,,R29,R29,R29,,,R29,R29,,
state79,,,,,,,,,,S72,,,S80,S17,S73,S81,S82,S88,S98,S18,S20,S30,,S31,,S43,,S46,S47,,,S48,S49,S55,S54,,S23,S71,,,,S40,,,,S12,,S74,,S83,S89,S99,S103,,,,,,,,,,S34,S50,S56,,,S52,S53,,
state80,,,,,,,,,,,,,,,,,,,,,,,,,,,,,,,,,,,,,R30,R30,,,,R30,,,,R30,R30,R30,R30,R30,R30,R30,R30,,,,,,,,,,R30,R30,R30,,,R30,R30,,
state81,,,,,,,,,,,,,,,,,,,,,,,,,,,,,,,,,,,,,R25,R25,,,,R25,,,,R25,R25,R25,R25,R25,R25,R25,R25,,,,,,,,,,R25,R25,R25,,,R25,R25,,
state82,,,,,,,,,,,,,,,,,,,,,,,,,,,,,,,,,,,,,R31,R31,,,,R31,,,,R31,R31,R31,R31,R31,R31,R31,R31,,,,,,,,,,R31,R31,R31,,,R31,R31,,
state83,,,,,,,,,,,,,,,,,,,,,,,,,,,,,,,,,,,,,,,,,,S84,,,,,,,,,,,,,,,,,,,,,,,,,,,,,
state84,,,,,,,,,,,,,,,,,,,,S85,S20,S30,,S31,,S43,,S46,S47,,,S48,S49,S55,S54,,S23,,,,,S40,,,,,,,,,,,,,,,,,,,,,S34,S50,S56,,,S52,S53,,
state85,,,,,,,,,,,,,,,,,,,,,,,,,,,,,,,,,,,,,,,,,,,S86,,,,,,,,,,,,,,,,,,,,,,,,,,,,
state86,,,,,,,,,,S72,,,S87,S17,S73,S81,S82,S88,S98,S18,S20,S30,,S31,,S43,,S46,S47,,,S48,S49,S55,S54,,S23,S71,,,,S40,,,,S12,,S74,,S83,S89,S99,S103,,,,,,,,,,S34,S50,S56,,,S52,S53,,
state87,,,,,,,,,,,,,,,,,,,,,,,,,,,,,,,,,,,,,R33,R33,,,,R33,,,,R33,R33,R33,R33,R33,R33,R33,R33,,,,,,,,,,R33,R33,R33,,,R33,R33,,
state88,,,,,,,,,,,,,,,,,,,,,,,,,,,,,,,,,,,,,R32,R32,,,,R32,,,,R32,R32,R32,R32,R32,R32,R32,R32,,,,,,,,,,R32,R32,R32,,,R32,R32,,
state89,,,,,,,,,,,,,,,,,,,,,,,,,,,,,,,,,,,,,,,,,,S90,,,,,,,,,,,,,,,,,,,,,,,,,,,,,
state90,,,,,,,,,,,,,,,,,,,,S91,S20,S30,,S31,,S43,,S46,S47,,,S48,S49,S55,S54,,S23,,,,,S40,,,,,,,,,,,,,,,,,,,,,S34,S50,S56,,,S52,S53,,
state91,,,,,,,,,,,,,,,,,,,,,,,,,,,,,,,,,,,,,,S92,,,,,,,,,,,,,,,,,,,,,,,,,,,,,,,,,
state92,,,,,,,,,,,,,,,,,,,,S93,S20,S30,,S31,,S43,,S46,S47,,,S48,S49,S55,S54,,S23,,,,,S40,,,,,,,,,,,,,,,,,,,,,S34,S50,S56,,,S52,S53,,
state93,,,,,,,,,,,,,,,,,,,,,,,,,,,,,,,,,,,,,,S94,,,,,,,,,,,,,,,,,,,,,,,,,,,,,,,,,
state94,,,,,,,,,,,,,,,,,,,,S95,S20,S30,,S31,,S43,,S46,S47,,,S48,S49,S55,S54,,S23,,,,,S40,,,,,,,,,,,,,,,,,,,,,S34,S50,S56,,,S52,S53,,
state95,,,,,,,,,,,,,,,,,,,,,,,,,,,,,,,,,,,,,,,,,,,S96,,,,,,,,,,,,,,,,,,,,,,,,,,,,
state96,,,,,,,,,,S72,,,S97,S17,S73,S81,S82,S88,S98,S18,S20,S30,,S31,,S43,,S46,S47,,,S48,S49,S55,S54,,S23,S71,,,,S40,,,,S12,,S74,,S83,S89,S99,S103,,,,,,,,,,S34,S50,S56,,,S52,S53,,
state97,,,,,,,,,,,,,,,,,,,,,,,,,,,,,,,,,,,,,R34,R34,,,,R34,,,,R34,R34,R34,R34,R34,R34,R34,R34,,,,,,,,,,R34,R34,R34,,,R34,R34,,
state98,,,,,,,,,,,,,,,,,,,,,,,,,,,,,,,,,,,,,R26,R26,,,,R26,,,,R26,R26,R26,R26,R26,R26,R26,R26,,,,,,,,,,R26,R26,R26,,,R26,R26,,
state99,,,,,,,,,,,,,,,,,,,,S101,S20,S30,,S31,,S43,,S46,S47,,,S48,S49,S55,S54,,S23,S100,,,,S40,,,,,,,,,,,,,,,,,,,,,S34,S50,S56,,,S52,S53,,
state100,,,,,,,,,,,,,,,,,,,,,,,,,,,,,,,,,,,,,R35,R35,,,,R35,,,,R35,R35,R35,R35,R35,R35,R35,R35,,,,,,,,,,R35,R35,R35,,,R35,R35,,
state101,,,,,,,,,,,,,,,,,,,,,,,,,,,,,,,,,,,,,,S102,,,,,,,,,,,,,,,,,,,,,,,,,,,,,,,,,
state102,,,,,,,,,,,,,,,,,,,,,,,,,,,,,,,,,,,,,R36,R36,,,,R36,,,,R36,R36,R36,R36,R36,R36,R36,R36,,,,,,,,,,R36,R36,R36,,,R36,R36,,
state103,,,,,,,,,,,,,,,,,,,,,,,,,,,,,,,,,,,,,,S104,,,,,,,,,,,,,,,,,,,,,,,,,,,,,,,,,
state104,,,,,,,,,,,,,,,,,,,,,,,,,,,,,,,,,,,,,R37,R37,,,,R37,,,,R37,R37,R37,R37,R37,R37,R37,R37,,,,,,,,,,R37,R37,R37,,,R37,R37,,
state105,,,,,,,,,,,,,,,,,,,,,,,,,,,,,,,,,,,,,,,R18,R18,R18,,,R18,,,,,,,,,,,,,,,,,,,,,,,,,,,
state106,,,,,,,,,,,,,,,,,,,,,,,,,,,,,,,,,,,,,R21,R21,,,,R21,,,,R21,R21,R21,,R21,R21,R21,R21,,,,,,,,,,R21,R21,R21,,,R21,R21,,
state107,,,,,,,,,,,,,,,,,,,,,,,,,,,,,,,,,,,,,R07,,,,,,,,,,,,,,,,,,,,,,,,,,,,,,,,,,
state108,,,,,,,,,,,,,,,,,,,,,,,,,,,,,,,,,,,,,R08,,,,,,,,,,,,,,,,,,,,,,,,,,,,,,,,,,
state109,,,,,,,,,,,,,,,,,,,,,,,,,,,,,,,,,,,,,R09,,,,,,,,,,,,,,,,,,,,,,,,,,,,,,,,,,
state110,,,,,,,,,,,,,,,,,,,,,,,,,,,,,,,,,,,,,,,R19,R19,R19,,,R19,,,,,,,,,,,,,,,,,,,,,,,,,,,
state111,,,,,,,,,,,,,,,,,,,,,,,,,,,,,,,,,,,,,,,,,,,R11,,S112,,,,,,,,,,,,,,,,,,,,,,,,,,
state112,,,,,S114,,,,S113,,,,,,,,,,,,,,,,,,,,,,,,,,,,,,S107,S108,S109,,,,,,,,,,,,,,,,,,,,,,,,,,,,,,
state113,,,,,,,,,,,,,,,,,,,,,,,,,,,,,,,,,,,,,,,,,,,R14,,R14,,,,,,,,,,,,,,,,,,,,,,,,,,
state114,,,,,,,,,,,,,,,,,,,,,,,,,,,,,,,,,,,,,S115,,,,,,,,,,,,,,,,,,,,,,,,,,,,,,,,,,
state115,,,,,,,,,,,,,,,,,,,,,,,,,,,,,,,,,,,,,,,,,,,R16,,R16,,,,,,,,,,,,,,,,,,,,,,,,,,
state116,,,,,,,,,,,,,,,,,,,,,,,,,,,,,,,,,,,,,,,,,,,R15,,R15,,,,,,,,,,,,,,,,,,,,,,,,,,
state117,,,,,,,,,,,,,,,,,,,,,,,,,,,,,,,,,,,,,,,,,,,,,,,,,,,,,,,,,,,,,,,,,,,,,,,
state118,,,,,,,,,,,,,,,,,,,,,,,,,,,,,,,,,,,,,,,,,,,R13,,,,,,,,,,,,,,,,,,,,,,,,,,,,
state119,,,,,,,,,,,,,,,,,,,,,,,,,,,,,,,,,,,,R05,,,R05,R05,R05,,,,,,,,,,,,,,,,,,,,,,,,,,,,,,
state120,,,,,,,,,,,,,,,,,,,,,,,,,,,,,,,,,,,,R03,,,R03,R03,R03,,,,,,,,,,,,,,,,,,,,,,,,,,,,,,
